{"cameraMode":{"drawMode":0,"name":"Shaded","section":"Shading Mode"},"sceneLighting":true,"audioPlay":false,"sceneViewState":{"showFog":true,"showMaterialUpdate":false,"showSkybox":true,"showFlares":true,"showImageEffects":true,"showParticleSystems":true},"in2DMode":false,"pivot":{"x":-3.7243847846984865,"y":-4.783637046813965,"z":0.18122927844524384},"rotation":{"x":-0.1755170226097107,"y":0.43673384189605715,"z":-0.08730901777744293,"w":-0.8779718279838562},"size":21.488285064697267,"orthographic":false}