{"cameraMode":{"drawMode":0,"name":"Shaded","section":"Shading Mode"},"sceneLighting":false,"audioPlay":false,"sceneViewState":{"showFog":true,"showMaterialUpdate":false,"showSkybox":true,"showFlares":true,"showImageEffects":true,"showParticleSystems":true},"in2DMode":false,"pivot":{"x":8.23972225189209,"y":1.9660356044769288,"z":-9.58911418914795},"rotation":{"x":-0.46248194575309756,"y":-0.007451210170984268,"z":0.003886634949594736,"w":-0.8865889310836792},"size":22.0,"orthographic":false}