{"cameraMode":{"drawMode":0,"name":"Shaded","section":"Shading Mode"},"sceneLighting":false,"audioPlay":false,"sceneViewState":{"showFog":true,"showMaterialUpdate":false,"showSkybox":true,"showFlares":true,"showImageEffects":true,"showParticleSystems":true},"in2DMode":false,"pivot":{"x":3.6500000953674318,"y":-1.6828844547271729,"z":1.8499999046325684},"rotation":{"x":0.010959696024656296,"y":-0.20150427520275117,"z":-0.0022550742141902448,"w":-0.9794237613677979},"size":4.041658401489258,"orthographic":false}