{"cameraMode":{"drawMode":0,"name":"Shaded","section":"Shading Mode"},"sceneLighting":true,"audioPlay":false,"sceneViewState":{"showFog":true,"showMaterialUpdate":false,"showSkybox":true,"showFlares":true,"showImageEffects":true,"showParticleSystems":true},"in2DMode":false,"pivot":{"x":-1.6408871412277222,"y":-1.1769157648086548,"z":1.3580522537231446},"rotation":{"x":-0.09748628735542298,"y":0.11576756834983826,"z":-0.011418798938393593,"w":-0.9884148240089417},"size":13.59461498260498,"orthographic":false}