{"cameraMode":{"drawMode":0,"name":"Shaded","section":"Shading Mode"},"sceneLighting":false,"audioPlay":false,"sceneViewState":{"showFog":true,"showMaterialUpdate":false,"showSkybox":true,"showFlares":true,"showImageEffects":true,"showParticleSystems":true},"in2DMode":false,"pivot":{"x":-0.4797505736351013,"y":-1.6364998817443848,"z":-5.868728160858154},"rotation":{"x":-0.007358042523264885,"y":0.985072672367096,"z":-0.16637124121189118,"w":-0.04357074946165085},"size":8.342148780822754,"orthographic":false}